node1,1.83%,1.051GiB / 5.255GiB
node2,1.34%,791.6MiB / 5.255GiB
node1,1.31%,1.051GiB / 5.255GiB
node2,1.53%,791.7MiB / 5.255GiB
node1,1.37%,1.051GiB / 5.255GiB
node2,1.64%,791.9MiB / 5.255GiB
node1,1.31%,1.052GiB / 5.255GiB
node2,1.37%,791.7MiB / 5.255GiB
node1,167.34%,1.294GiB / 5.255GiB
node2,19.11%,815.9MiB / 5.255GiB
node1,63.08%,1.251GiB / 5.255GiB
node2,61.06%,1.031GiB / 5.255GiB
node1,100.69%,1.29GiB / 5.255GiB
node2,116.64%,1.118GiB / 5.255GiB
node1,112.27%,1.666GiB / 5.255GiB
node2,141.27%,1.502GiB / 5.255GiB
node1,67.41%,1.652GiB / 5.255GiB
node2,75.21%,1.617GiB / 5.255GiB
node1,97.54%,1.784GiB / 5.255GiB
node2,78.04%,1.639GiB / 5.255GiB
node1,135.58%,1.768GiB / 5.255GiB
node2,66.07%,1.652GiB / 5.255GiB
node1,128.35%,1.019GiB / 5.255GiB
node2,74.08%,1.464GiB / 5.255GiB
node1,109.60%,1.403GiB / 5.255GiB
node2,4.50%,1.453GiB / 5.255GiB
node1,105.38%,1.387GiB / 5.255GiB
node2,2.54%,1.456GiB / 5.255GiB
node1,141.72%,1.44GiB / 5.255GiB
node2,105.51%,1.68GiB / 5.255GiB
node1,115.97%,1.415GiB / 5.255GiB
node2,125.98%,1.833GiB / 5.255GiB
node1,105.07%,1.435GiB / 5.255GiB
node2,106.15%,1.843GiB / 5.255GiB
node1,104.56%,1.464GiB / 5.255GiB
node2,105.65%,1.879GiB / 5.255GiB
node1,105.57%,1.42GiB / 5.255GiB
node2,105.08%,1.881GiB / 5.255GiB
node1,109.36%,1.429GiB / 5.255GiB
node2,108.50%,1.898GiB / 5.255GiB
node1,114.31%,1.427GiB / 5.255GiB
node2,100.84%,1.939GiB / 5.255GiB
node1,107.46%,1.448GiB / 5.255GiB
node2,108.43%,1.879GiB / 5.255GiB
node1,106.16%,1.471GiB / 5.255GiB
node2,105.52%,1.9GiB / 5.255GiB
node1,108.32%,1.475GiB / 5.255GiB
node2,106.01%,1.888GiB / 5.255GiB
node1,106.36%,1.521GiB / 5.255GiB
node2,105.52%,1.905GiB / 5.255GiB
node1,108.12%,1.421GiB / 5.255GiB
node2,108.96%,1.906GiB / 5.255GiB
node1,104.55%,1.441GiB / 5.255GiB
node2,105.05%,1.931GiB / 5.255GiB
node1,105.00%,1.48GiB / 5.255GiB
node2,104.30%,1.89GiB / 5.255GiB
node1,105.40%,1.492GiB / 5.255GiB
node2,104.68%,1.873GiB / 5.255GiB
node1,107.09%,1.476GiB / 5.255GiB
node2,109.50%,1.904GiB / 5.255GiB
node1,107.04%,1.495GiB / 5.255GiB
node2,108.66%,1.904GiB / 5.255GiB
node1,107.11%,1.561GiB / 5.255GiB
node2,107.58%,1.944GiB / 5.255GiB
node1,107.59%,1.488GiB / 5.255GiB
node2,105.83%,1.936GiB / 5.255GiB
node1,107.04%,1.477GiB / 5.255GiB
node2,105.23%,1.949GiB / 5.255GiB
node1,107.75%,1.49GiB / 5.255GiB
node2,104.97%,1.889GiB / 5.255GiB
node1,105.04%,1.511GiB / 5.255GiB
node2,105.80%,1.915GiB / 5.255GiB
node1,107.29%,1.514GiB / 5.255GiB
node2,105.47%,1.922GiB / 5.255GiB
node1,105.71%,1.504GiB / 5.255GiB
node2,107.31%,1.916GiB / 5.255GiB
node1,107.73%,1.489GiB / 5.255GiB
node2,106.58%,1.943GiB / 5.255GiB
node1,104.49%,1.496GiB / 5.255GiB
node2,105.16%,1.962GiB / 5.255GiB
node1,107.57%,1.516GiB / 5.255GiB
node2,107.40%,1.883GiB / 5.255GiB
node1,105.06%,1.562GiB / 5.255GiB
node2,105.49%,1.892GiB / 5.255GiB
node1,43.83%,1.338GiB / 5.255GiB
node2,3.82%,1.729GiB / 5.255GiB
node1,2.18%,919MiB / 5.255GiB
node2,1.78%,991.4MiB / 5.255GiB
node1,1.42%,923.5MiB / 5.255GiB
node2,1.55%,995.5MiB / 5.255GiB
node1,1.42%,923.4MiB / 5.255GiB
node2,1.92%,995.3MiB / 5.255GiB
node1,1.26%,922.7MiB / 5.255GiB
node2,1.16%,995.6MiB / 5.255GiB
node1,2.54%,923.4MiB / 5.255GiB
node2,2.87%,994.8MiB / 5.255GiB
node1,2.12%,924MiB / 5.255GiB
node2,2.92%,995.7MiB / 5.255GiB
node1,27.25%,1021MiB / 5.255GiB
node2,2.61%,998.7MiB / 5.255GiB
node1,2.92%,1022MiB / 5.255GiB
node2,2.25%,1.071GiB / 5.255GiB
node1,0.36%,220.1MiB / 5.255GiB
node2,2.16%,1.053GiB / 5.255GiB
node1,0.35%,219.3MiB / 5.255GiB
node2,0.69%,204.6MiB / 5.255GiB
node1,0.00%,136.7MiB / 5.255GiB
node2,0.39%,204.4MiB / 5.255GiB
node1,0.00%,136.5MiB / 5.255GiB
node2,0.00%,117.8MiB / 5.255GiB
node1,0.00%,136.5MiB / 5.255GiB
node2,0.00%,117.6MiB / 5.255GiB
node1,0.00%,136.5MiB / 5.255GiB
node2,0.00%,117.3MiB / 5.255GiB
node1,0.00%,136.5MiB / 5.255GiB
node2,0.00%,117.3MiB / 5.255GiB
node1,0.00%,136.5MiB / 5.255GiB
node2,0.00%,117.3MiB / 5.255GiB
node1,0.00%,136.5MiB / 5.255GiB
node2,0.00%,117.1MiB / 5.255GiB
node1,0.00%,136.5MiB / 5.255GiB
node2,0.00%,117.1MiB / 5.255GiB
node1,0.00%,136.5MiB / 5.255GiB
node2,0.00%,117.1MiB / 5.255GiB
node1,0.00%,136.5MiB / 5.255GiB
node2,0.00%,117.1MiB / 5.255GiB
node1,0.00%,136.5MiB / 5.255GiB
node2,0.00%,117.1MiB / 5.255GiB
node1,0.00%,136.5MiB / 5.255GiB
node2,0.00%,117.1MiB / 5.255GiB
node1,0.00%,136.5MiB / 5.255GiB
node2,0.00%,117.1MiB / 5.255GiB
node1,0.00%,136.5MiB / 5.255GiB
node2,0.00%,117.1MiB / 5.255GiB
node1,0.00%,136.5MiB / 5.255GiB
node2,0.00%,117.1MiB / 5.255GiB
node1,0.00%,136.5MiB / 5.255GiB
node2,0.00%,117.1MiB / 5.255GiB
node1,0.00%,136.5MiB / 5.255GiB
node2,0.00%,117.1MiB / 5.255GiB
node1,0.00%,136.5MiB / 5.255GiB
node2,0.00%,117.1MiB / 5.255GiB
node1,138.99%,369.1MiB / 5.255GiB
node2,0.00%,117.1MiB / 5.255GiB
node1,1.17%,328.1MiB / 5.255GiB
node2,109.87%,305.9MiB / 5.255GiB
node1,0.98%,328.6MiB / 5.255GiB
node2,1.10%,309.2MiB / 5.255GiB
node1,0.88%,328.5MiB / 5.255GiB
node2,0.95%,309.6MiB / 5.255GiB
node1,3.03%,329.5MiB / 5.255GiB
node2,1.48%,309.7MiB / 5.255GiB
node1,1.68%,330.1MiB / 5.255GiB
node2,1.78%,310.2MiB / 5.255GiB
node1,1.37%,329.9MiB / 5.255GiB
node2,1.32%,310.8MiB / 5.255GiB
node1,1.02%,330.3MiB / 5.255GiB
node2,1.55%,311.3MiB / 5.255GiB
node1,1.27%,331.1MiB / 5.255GiB
node2,1.68%,310.9MiB / 5.255GiB
node1,1.49%,330.9MiB / 5.255GiB
node2,2.41%,312.1MiB / 5.255GiB
node1,1.51%,331.2MiB / 5.255GiB
node2,1.62%,311.4MiB / 5.255GiB
node1,1.32%,331.4MiB / 5.255GiB
node2,1.48%,312MiB / 5.255GiB
node1,1.28%,331.2MiB / 5.255GiB
node2,1.27%,312.4MiB / 5.255GiB
node1,1.30%,331.5MiB / 5.255GiB
node2,2.03%,312.1MiB / 5.255GiB
node1,1.32%,331.6MiB / 5.255GiB
node2,1.27%,312.6MiB / 5.255GiB
node1,1.16%,331.7MiB / 5.255GiB
node2,1.95%,312.4MiB / 5.255GiB
node1,1.22%,331.8MiB / 5.255GiB
node2,1.21%,312.3MiB / 5.255GiB
node1,0.99%,332.3MiB / 5.255GiB
node2,2.29%,312.5MiB / 5.255GiB
node1,1.13%,331.8MiB / 5.255GiB
node2,1.10%,312.8MiB / 5.255GiB
node1,1.19%,332.4MiB / 5.255GiB
node2,1.77%,312.8MiB / 5.255GiB
node1,13.75%,346.1MiB / 5.255GiB
node2,1.14%,312.7MiB / 5.255GiB
node1,158.02%,1.494GiB / 5.255GiB
node2,139.36%,939.8MiB / 5.255GiB
node1,210.87%,1.911GiB / 5.255GiB
node2,103.25%,1.068GiB / 5.255GiB
node1,189.41%,1.774GiB / 5.255GiB
node2,45.08%,1.272GiB / 5.255GiB
node1,209.03%,1.704GiB / 5.255GiB
node2,14.88%,1.297GiB / 5.255GiB
node1,201.99%,1.66GiB / 5.255GiB
node2,1.77%,1.298GiB / 5.255GiB
node1,203.99%,1.719GiB / 5.255GiB
node2,2.94%,1.299GiB / 5.255GiB
node1,204.77%,1.706GiB / 5.255GiB
node2,2.70%,1.3GiB / 5.255GiB
node1,192.81%,1.759GiB / 5.255GiB
node2,2.13%,1.296GiB / 5.255GiB
node1,201.04%,1.608GiB / 5.255GiB
node2,2.09%,1.296GiB / 5.255GiB
node1,203.83%,1.647GiB / 5.255GiB
node2,2.23%,1.289GiB / 5.255GiB
node1,204.29%,1.682GiB / 5.255GiB
node2,2.92%,1.289GiB / 5.255GiB
node1,164.19%,1.63GiB / 5.255GiB
node2,1.88%,1.289GiB / 5.255GiB
node1,103.87%,1.625GiB / 5.255GiB
node2,104.46%,1.38GiB / 5.255GiB
node1,103.10%,1.571GiB / 5.255GiB
node2,106.73%,1.392GiB / 5.255GiB
node1,104.21%,1.554GiB / 5.255GiB
node2,104.87%,1.424GiB / 5.255GiB
node1,99.90%,1.515GiB / 5.255GiB
node2,104.31%,1.461GiB / 5.255GiB
node1,102.16%,1.511GiB / 5.255GiB
node2,104.94%,1.398GiB / 5.255GiB
node1,105.43%,1.538GiB / 5.255GiB
node2,109.44%,1.408GiB / 5.255GiB
node1,107.97%,1.502GiB / 5.255GiB
node2,107.88%,1.454GiB / 5.255GiB
node1,104.70%,1.483GiB / 5.255GiB
node2,105.69%,1.471GiB / 5.255GiB
node1,100.16%,1.399GiB / 5.255GiB
node2,105.23%,1.446GiB / 5.255GiB
node1,99.47%,1.357GiB / 5.255GiB
node2,104.70%,1.387GiB / 5.255GiB
node1,102.80%,1.38GiB / 5.255GiB
node2,104.21%,1.41GiB / 5.255GiB
node1,100.45%,1.4GiB / 5.255GiB
node2,105.06%,1.349GiB / 5.255GiB
node1,100.18%,1.429GiB / 5.255GiB
node2,103.22%,1.368GiB / 5.255GiB
node1,100.74%,1.367GiB / 5.255GiB
node2,102.91%,1.386GiB / 5.255GiB
node1,101.48%,1.387GiB / 5.255GiB
node2,103.01%,1.399GiB / 5.255GiB
node1,101.57%,1.408GiB / 5.255GiB
node2,104.71%,1.417GiB / 5.255GiB
node1,101.43%,1.428GiB / 5.255GiB
node2,103.93%,1.358GiB / 5.255GiB
node1,104.12%,1.421GiB / 5.255GiB
node2,141.25%,1.516GiB / 5.255GiB
node1,105.60%,1.399GiB / 5.255GiB
node2,104.67%,1.511GiB / 5.255GiB
node1,106.13%,1.343GiB / 5.255GiB
node2,106.17%,1.472GiB / 5.255GiB
node1,105.44%,1.339GiB / 5.255GiB
node2,102.59%,1.44GiB / 5.255GiB
node1,106.35%,1.285GiB / 5.255GiB
node2,100.92%,1.415GiB / 5.255GiB
node1,105.52%,1.296GiB / 5.255GiB
node2,96.93%,1.267GiB / 5.255GiB
node1,104.24%,1.242GiB / 5.255GiB
node2,102.51%,1.276GiB / 5.255GiB
node1,104.07%,1.248GiB / 5.255GiB
node2,102.43%,1.292GiB / 5.255GiB
node1,103.35%,1.273GiB / 5.255GiB
node2,100.86%,1.305GiB / 5.255GiB
node1,105.47%,1.294GiB / 5.255GiB
node2,84.39%,1.331GiB / 5.255GiB
node1,76.41%,1.306GiB / 5.255GiB
node2,80.48%,1.506GiB / 5.255GiB
node1,53.34%,1.085GiB / 5.255GiB
node2,39.09%,1.434GiB / 5.255GiB
node1,24.82%,1.17GiB / 5.255GiB
node2,83.13%,1.486GiB / 5.255GiB
node1,103.70%,1.302GiB / 5.255GiB
node2,106.32%,1.507GiB / 5.255GiB
node1,106.48%,1.266GiB / 5.255GiB
node2,105.37%,1.491GiB / 5.255GiB
node1,105.02%,1.299GiB / 5.255GiB
node2,104.10%,1.502GiB / 5.255GiB
node1,104.06%,1.307GiB / 5.255GiB
node2,98.48%,1.513GiB / 5.255GiB
node1,104.40%,1.316GiB / 5.255GiB
node2,104.03%,1.501GiB / 5.255GiB
node1,103.12%,1.276GiB / 5.255GiB
node2,96.99%,1.405GiB / 5.255GiB
node1,103.20%,1.203GiB / 5.255GiB
node2,103.32%,1.411GiB / 5.255GiB
node1,103.44%,1.221GiB / 5.255GiB
node2,103.21%,1.429GiB / 5.255GiB
node1,102.55%,1.237GiB / 5.255GiB
node2,102.98%,1.448GiB / 5.255GiB
node1,102.91%,1.255GiB / 5.255GiB
node2,103.04%,1.465GiB / 5.255GiB
node1,104.04%,1.291GiB / 5.255GiB
node2,102.90%,1.486GiB / 5.255GiB
node1,104.48%,1.211GiB / 5.255GiB
node2,104.53%,1.417GiB / 5.255GiB
node1,104.90%,1.222GiB / 5.255GiB
node2,103.81%,1.44GiB / 5.255GiB
node1,87.35%,1.218GiB / 5.255GiB
node2,172.41%,1.452GiB / 5.255GiB
node1,2.32%,1.081GiB / 5.255GiB
node2,104.54%,1.495GiB / 5.255GiB
node1,2.18%,1.08GiB / 5.255GiB
node2,103.54%,1.52GiB / 5.255GiB
node1,2.97%,1.053GiB / 5.255GiB
node2,102.31%,1.532GiB / 5.255GiB
node1,3.96%,1.052GiB / 5.255GiB
node2,101.26%,1.466GiB / 5.255GiB
node1,1.59%,1.052GiB / 5.255GiB
node2,103.63%,1.471GiB / 5.255GiB
node1,2.69%,1.053GiB / 5.255GiB
node2,102.82%,1.483GiB / 5.255GiB
node1,2.71%,1.053GiB / 5.255GiB
node2,103.14%,1.502GiB / 5.255GiB
node1,2.70%,1.053GiB / 5.255GiB
node2,105.91%,1.526GiB / 5.255GiB
node1,2.54%,1.051GiB / 5.255GiB
node2,104.35%,1.537GiB / 5.255GiB
node1,2.07%,1.041GiB / 5.255GiB
node2,103.09%,1.551GiB / 5.255GiB
node1,2.71%,1.034GiB / 5.255GiB
node2,104.03%,1.492GiB / 5.255GiB
node1,2.62%,1.034GiB / 5.255GiB
node2,103.29%,1.503GiB / 5.255GiB
node1,1.60%,1.034GiB / 5.255GiB
node2,102.92%,1.515GiB / 5.255GiB
node1,2.68%,1.034GiB / 5.255GiB
node2,103.23%,1.527GiB / 5.255GiB
node1,2.62%,869.7MiB / 5.255GiB
node2,119.66%,1.696GiB / 5.255GiB
node1,2.47%,869.8MiB / 5.255GiB
node2,105.02%,1.709GiB / 5.255GiB
node1,2.60%,870.4MiB / 5.255GiB
node2,105.01%,1.72GiB / 5.255GiB
node1,2.13%,870.8MiB / 5.255GiB
node2,106.37%,1.73GiB / 5.255GiB
node1,2.25%,870.6MiB / 5.255GiB
node2,107.86%,1.741GiB / 5.255GiB
node1,1.90%,831.7MiB / 5.255GiB
node2,107.55%,1.748GiB / 5.255GiB
node1,1.77%,832.3MiB / 5.255GiB
node2,106.04%,1.758GiB / 5.255GiB
node1,2.44%,825.5MiB / 5.255GiB
node2,106.52%,1.766GiB / 5.255GiB
node1,3.19%,825.6MiB / 5.255GiB
node2,107.35%,1.775GiB / 5.255GiB
node1,1.91%,806.2MiB / 5.255GiB
node2,104.98%,1.781GiB / 5.255GiB
node1,1.72%,805.7MiB / 5.255GiB
node2,104.33%,1.79GiB / 5.255GiB
node1,2.15%,806.5MiB / 5.255GiB
node2,105.02%,1.8GiB / 5.255GiB
node1,2.06%,786.1MiB / 5.255GiB
node2,104.92%,1.807GiB / 5.255GiB
node1,2.47%,786.2MiB / 5.255GiB
node2,104.73%,1.821GiB / 5.255GiB
node1,1.87%,766.6MiB / 5.255GiB
node2,104.40%,1.828GiB / 5.255GiB
node1,1.86%,750.3MiB / 5.255GiB
node2,104.47%,1.711GiB / 5.255GiB
node1,2.78%,757.5MiB / 5.255GiB
node2,106.24%,1.712GiB / 5.255GiB
node1,15.12%,758.4MiB / 5.255GiB
node2,106.03%,1.716GiB / 5.255GiB
node1,3.60%,758.3MiB / 5.255GiB
node2,107.87%,1.719GiB / 5.255GiB
node1,1.61%,758.8MiB / 5.255GiB
node2,106.38%,1.727GiB / 5.255GiB
node1,1.86%,758.6MiB / 5.255GiB
node2,105.82%,1.739GiB / 5.255GiB
node1,2.68%,758.5MiB / 5.255GiB
node2,106.11%,1.746GiB / 5.255GiB
node1,1.80%,758.5MiB / 5.255GiB
node2,105.64%,1.754GiB / 5.255GiB
node1,2.70%,758.9MiB / 5.255GiB
node2,106.36%,1.759GiB / 5.255GiB
node1,1.65%,758.4MiB / 5.255GiB
node2,105.89%,1.771GiB / 5.255GiB
node1,1.60%,759MiB / 5.255GiB
node2,106.33%,1.782GiB / 5.255GiB
node1,1.46%,758.8MiB / 5.255GiB
node2,105.83%,1.788GiB / 5.255GiB
node1,1.89%,758.7MiB / 5.255GiB
node2,106.08%,1.797GiB / 5.255GiB
node1,12.58%,758.4MiB / 5.255GiB
node2,105.96%,1.801GiB / 5.255GiB
node1,1.81%,758.4MiB / 5.255GiB
node2,107.03%,1.818GiB / 5.255GiB
node1,1.86%,753.3MiB / 5.255GiB
node2,105.08%,1.788GiB / 5.255GiB
node1,2.03%,753.1MiB / 5.255GiB
node2,107.15%,1.788GiB / 5.255GiB
node1,2.43%,752.8MiB / 5.255GiB
node2,106.61%,1.788GiB / 5.255GiB
node1,1.85%,753.1MiB / 5.255GiB
node2,106.58%,1.796GiB / 5.255GiB
node1,2.15%,752.7MiB / 5.255GiB
node2,106.08%,1.802GiB / 5.255GiB
node1,2.09%,753.2MiB / 5.255GiB
node2,105.46%,1.809GiB / 5.255GiB
node1,2.64%,730.8MiB / 5.255GiB
node2,114.74%,1.857GiB / 5.255GiB
node1,3.36%,668.1MiB / 5.255GiB
node2,105.15%,1.934GiB / 5.255GiB
node1,1.90%,668.4MiB / 5.255GiB
node2,105.15%,1.937GiB / 5.255GiB
node1,1.79%,669MiB / 5.255GiB
node2,107.29%,1.938GiB / 5.255GiB
node1,2.51%,668.5MiB / 5.255GiB
node2,105.56%,1.95GiB / 5.255GiB
node1,1.75%,668.3MiB / 5.255GiB
node2,105.68%,1.959GiB / 5.255GiB
node1,1.99%,668MiB / 5.255GiB
node2,106.42%,1.968GiB / 5.255GiB
node1,2.14%,668.1MiB / 5.255GiB
node2,106.20%,1.974GiB / 5.255GiB
node1,2.07%,667.9MiB / 5.255GiB
node2,105.69%,1.982GiB / 5.255GiB
node1,2.04%,668MiB / 5.255GiB
node2,104.79%,1.991GiB / 5.255GiB
node1,1.69%,660.8MiB / 5.255GiB
node2,104.99%,2.005GiB / 5.255GiB
node1,1.85%,645.5MiB / 5.255GiB
node2,105.50%,2.017GiB / 5.255GiB
node1,1.71%,645.8MiB / 5.255GiB
node2,104.90%,2.027GiB / 5.255GiB
node1,1.74%,645.5MiB / 5.255GiB
node2,105.06%,2.044GiB / 5.255GiB
node1,1.95%,615.6MiB / 5.255GiB
node2,105.86%,2.064GiB / 5.255GiB
node1,1.62%,615.2MiB / 5.255GiB
node2,105.00%,2.036GiB / 5.255GiB
node1,2.60%,618.4MiB / 5.255GiB
node2,106.12%,2.039GiB / 5.255GiB
node1,1.58%,618.9MiB / 5.255GiB
node2,105.26%,2.041GiB / 5.255GiB
node1,2.19%,619.1MiB / 5.255GiB
node2,106.15%,2.042GiB / 5.255GiB
node1,2.66%,618.9MiB / 5.255GiB
node2,109.87%,2.045GiB / 5.255GiB
node1,3.21%,618.8MiB / 5.255GiB
node2,106.50%,2.051GiB / 5.255GiB
node1,1.64%,612.8MiB / 5.255GiB
node2,106.84%,2.054GiB / 5.255GiB
node1,2.41%,612.7MiB / 5.255GiB
node2,105.94%,2.06GiB / 5.255GiB
node1,2.57%,612.5MiB / 5.255GiB
node2,106.25%,2.065GiB / 5.255GiB
node1,1.83%,612.7MiB / 5.255GiB
node2,105.57%,2.07GiB / 5.255GiB
node1,2.39%,612.4MiB / 5.255GiB
node2,105.85%,2.077GiB / 5.255GiB
node1,1.78%,612.6MiB / 5.255GiB
node2,107.22%,2.08GiB / 5.255GiB
node1,1.72%,612.4MiB / 5.255GiB
node2,106.38%,2.086GiB / 5.255GiB
node1,1.85%,612.4MiB / 5.255GiB
node2,108.41%,2.095GiB / 5.255GiB
node1,2.33%,607.7MiB / 5.255GiB
node2,105.09%,2.064GiB / 5.255GiB
node1,1.69%,607.8MiB / 5.255GiB
node2,107.40%,2.064GiB / 5.255GiB
node1,1.91%,608.3MiB / 5.255GiB
node2,106.54%,2.064GiB / 5.255GiB
node1,2.25%,608.3MiB / 5.255GiB
node2,105.48%,2.065GiB / 5.255GiB
node1,1.63%,608.1MiB / 5.255GiB
node2,106.68%,2.076GiB / 5.255GiB
node1,1.68%,608.5MiB / 5.255GiB
node2,105.49%,2.089GiB / 5.255GiB
node1,2.22%,612.6MiB / 5.255GiB
node2,200.86%,1.973GiB / 5.255GiB
node1,4.92%,623.9MiB / 5.255GiB
node2,112.11%,2.027GiB / 5.255GiB
node1,2.38%,610.2MiB / 5.255GiB
node2,107.83%,1.983GiB / 5.255GiB
node1,2.77%,611.7MiB / 5.255GiB
node2,111.58%,1.955GiB / 5.255GiB
node1,2.66%,612MiB / 5.255GiB
node2,112.15%,1.963GiB / 5.255GiB
node1,2.68%,608.3MiB / 5.255GiB
node2,108.45%,1.979GiB / 5.255GiB
node1,2.65%,608.9MiB / 5.255GiB
node2,110.63%,1.981GiB / 5.255GiB
node1,2.67%,608.7MiB / 5.255GiB
node2,106.84%,1.997GiB / 5.255GiB
node1,2.10%,608.9MiB / 5.255GiB
node2,104.97%,1.986GiB / 5.255GiB
node1,1.72%,609.4MiB / 5.255GiB
node2,105.62%,1.997GiB / 5.255GiB
node1,1.77%,613.7MiB / 5.255GiB
node2,105.81%,2.008GiB / 5.255GiB
node1,3.08%,615.6MiB / 5.255GiB
node2,105.92%,2.018GiB / 5.255GiB
node1,1.69%,615.9MiB / 5.255GiB
node2,105.93%,2.035GiB / 5.255GiB
node1,2.39%,616.5MiB / 5.255GiB
node2,105.48%,2.044GiB / 5.255GiB
node1,2.22%,615.8MiB / 5.255GiB
node2,106.09%,2.054GiB / 5.255GiB
node1,2.33%,616.4MiB / 5.255GiB
node2,103.88%,2.074GiB / 5.255GiB
node1,1.79%,616.6MiB / 5.255GiB
node2,105.84%,2.019GiB / 5.255GiB
node1,2.28%,617.3MiB / 5.255GiB
node2,105.22%,2.019GiB / 5.255GiB
node1,2.01%,618.2MiB / 5.255GiB
node2,103.74%,2.022GiB / 5.255GiB
node1,1.74%,621.1MiB / 5.255GiB
node2,106.04%,2.022GiB / 5.255GiB
node1,2.00%,604.7MiB / 5.255GiB
node2,106.31%,2.023GiB / 5.255GiB
node1,1.75%,598.3MiB / 5.255GiB
node2,106.57%,2.03GiB / 5.255GiB
node1,2.11%,598MiB / 5.255GiB
node2,105.63%,2.036GiB / 5.255GiB
node1,1.68%,588MiB / 5.255GiB
node2,107.79%,2.041GiB / 5.255GiB
node1,2.02%,587.8MiB / 5.255GiB
node2,106.75%,2.047GiB / 5.255GiB
node1,1.92%,587.5MiB / 5.255GiB
node2,106.19%,2.053GiB / 5.255GiB
node1,1.61%,587.8MiB / 5.255GiB
node2,106.24%,2.059GiB / 5.255GiB
node1,2.19%,588MiB / 5.255GiB
node2,107.35%,2.065GiB / 5.255GiB
node1,2.07%,587.9MiB / 5.255GiB
node2,106.41%,2.072GiB / 5.255GiB
node1,1.70%,587.6MiB / 5.255GiB
node2,105.68%,2.081GiB / 5.255GiB
node1,1.61%,576.2MiB / 5.255GiB
node2,104.52%,2.065GiB / 5.255GiB
node1,3.16%,576.3MiB / 5.255GiB
node2,109.92%,2.066GiB / 5.255GiB
node1,2.74%,576.8MiB / 5.255GiB
node2,110.84%,2.063GiB / 5.255GiB
node1,2.43%,576.5MiB / 5.255GiB
node2,109.62%,2.062GiB / 5.255GiB
node1,2.43%,576.8MiB / 5.255GiB
node2,106.15%,2.064GiB / 5.255GiB
node1,2.30%,577MiB / 5.255GiB
node2,107.33%,2.068GiB / 5.255GiB
node1,3.44%,576.6MiB / 5.255GiB
node2,110.26%,2.069GiB / 5.255GiB
node1,2.60%,577.3MiB / 5.255GiB
node2,128.00%,2.055GiB / 5.255GiB
node1,3.14%,592.6MiB / 5.255GiB
node2,142.10%,2.115GiB / 5.255GiB
node1,4.70%,592.9MiB / 5.255GiB
node2,110.80%,2.101GiB / 5.255GiB
node1,2.36%,577.5MiB / 5.255GiB
node2,109.11%,2.104GiB / 5.255GiB
node1,2.36%,577MiB / 5.255GiB
node2,109.48%,2.085GiB / 5.255GiB
node1,2.65%,578.4MiB / 5.255GiB
node2,111.10%,2.104GiB / 5.255GiB
node1,2.36%,577.9MiB / 5.255GiB
node2,111.63%,2.114GiB / 5.255GiB
node1,2.41%,578.9MiB / 5.255GiB
node2,106.15%,2.125GiB / 5.255GiB
node1,2.49%,579.1MiB / 5.255GiB
node2,106.36%,2.131GiB / 5.255GiB
node1,4.12%,591.2MiB / 5.255GiB
node2,106.98%,2.122GiB / 5.255GiB
node1,2.42%,575.4MiB / 5.255GiB
node2,108.67%,2.149GiB / 5.255GiB
node1,2.41%,575.2MiB / 5.255GiB
node2,109.12%,2.155GiB / 5.255GiB
node1,3.18%,575.1MiB / 5.255GiB
node2,109.37%,2.168GiB / 5.255GiB
node1,2.60%,582.9MiB / 5.255GiB
node2,109.29%,2.174GiB / 5.255GiB
node1,2.80%,589.9MiB / 5.255GiB
node2,110.29%,2.184GiB / 5.255GiB
node1,2.92%,593.7MiB / 5.255GiB
node2,109.30%,2.162GiB / 5.255GiB
node1,2.74%,584.6MiB / 5.255GiB
node2,108.89%,2.177GiB / 5.255GiB
node1,2.11%,585.8MiB / 5.255GiB
node2,104.97%,2.232GiB / 5.255GiB
node1,1.54%,585.8MiB / 5.255GiB
node2,105.93%,2.194GiB / 5.255GiB
node1,1.94%,585.7MiB / 5.255GiB
node2,105.27%,2.211GiB / 5.255GiB
node1,1.90%,586.5MiB / 5.255GiB
node2,106.91%,2.15GiB / 5.255GiB
node1,2.07%,586.3MiB / 5.255GiB
node2,105.93%,2.139GiB / 5.255GiB
node1,2.14%,586.8MiB / 5.255GiB
node2,105.96%,2.141GiB / 5.255GiB
node1,2.15%,575.8MiB / 5.255GiB
node2,105.99%,2.138GiB / 5.255GiB
node1,1.59%,576.2MiB / 5.255GiB
node2,105.15%,2.145GiB / 5.255GiB
node1,1.54%,576.7MiB / 5.255GiB
node2,104.78%,2.152GiB / 5.255GiB
node1,1.62%,579.8MiB / 5.255GiB
node2,105.86%,2.16GiB / 5.255GiB
node1,1.83%,597.5MiB / 5.255GiB
node2,106.23%,2.174GiB / 5.255GiB
node1,1.77%,597.7MiB / 5.255GiB
node2,106.41%,2.166GiB / 5.255GiB
node1,2.08%,608.4MiB / 5.255GiB
node2,102.88%,2.179GiB / 5.255GiB
node1,2.62%,575.4MiB / 5.255GiB
node2,103.59%,2.19GiB / 5.255GiB
node1,1.44%,575.9MiB / 5.255GiB
node2,103.84%,2.202GiB / 5.255GiB
node1,1.99%,575.6MiB / 5.255GiB
node2,102.59%,2.266GiB / 5.255GiB
node1,1.69%,576.1MiB / 5.255GiB
node2,104.39%,2.227GiB / 5.255GiB
node1,1.76%,576.4MiB / 5.255GiB
node2,103.83%,2.242GiB / 5.255GiB
node1,1.50%,576.2MiB / 5.255GiB
node2,104.06%,2.244GiB / 5.255GiB
node1,2.13%,570.8MiB / 5.255GiB
node2,104.84%,2.179GiB / 5.255GiB
node1,1.71%,571.3MiB / 5.255GiB
node2,104.40%,2.185GiB / 5.255GiB
node1,2.55%,578MiB / 5.255GiB
node2,104.61%,2.198GiB / 5.255GiB
node1,2.11%,566.7MiB / 5.255GiB
node2,157.82%,2.24GiB / 5.255GiB
node1,1.43%,567MiB / 5.255GiB
node2,105.86%,2.245GiB / 5.255GiB
node1,1.92%,576MiB / 5.255GiB
node2,106.03%,2.247GiB / 5.255GiB
node1,1.57%,576.7MiB / 5.255GiB
node2,105.37%,2.255GiB / 5.255GiB
node1,1.66%,584.9MiB / 5.255GiB
node2,106.42%,2.265GiB / 5.255GiB
node1,1.71%,584.8MiB / 5.255GiB
node2,104.13%,2.228GiB / 5.255GiB
node1,1.61%,559.7MiB / 5.255GiB
node2,105.27%,2.238GiB / 5.255GiB
node1,1.96%,559.7MiB / 5.255GiB
node2,106.15%,2.247GiB / 5.255GiB
node1,1.66%,585.9MiB / 5.255GiB
node2,105.16%,2.283GiB / 5.255GiB
node1,2.07%,564.5MiB / 5.255GiB
node2,105.59%,2.28GiB / 5.255GiB
node1,2.29%,570.5MiB / 5.255GiB
node2,105.40%,2.275GiB / 5.255GiB
node1,1.57%,571.2MiB / 5.255GiB
node2,105.78%,2.291GiB / 5.255GiB
node1,1.66%,571.4MiB / 5.255GiB
node2,104.21%,2.307GiB / 5.255GiB
node1,2.48%,568.6MiB / 5.255GiB
node2,106.57%,2.311GiB / 5.255GiB
node1,6.44%,570.3MiB / 5.255GiB
node2,112.51%,2.291GiB / 5.255GiB
node1,3.79%,561.1MiB / 5.255GiB
node2,113.85%,2.273GiB / 5.255GiB
node1,10.63%,564.4MiB / 5.255GiB
node2,117.58%,2.273GiB / 5.255GiB
node1,7.22%,556MiB / 5.255GiB
node2,116.97%,2.273GiB / 5.255GiB
node1,4.45%,568.8MiB / 5.255GiB
node2,116.57%,2.293GiB / 5.255GiB
node1,4.73%,560MiB / 5.255GiB
node2,114.96%,2.274GiB / 5.255GiB
node1,5.56%,564.9MiB / 5.255GiB
node2,111.70%,2.277GiB / 5.255GiB
node1,5.72%,559.8MiB / 5.255GiB
node2,112.63%,2.292GiB / 5.255GiB
node1,3.81%,555.1MiB / 5.255GiB
node2,111.59%,2.297GiB / 5.255GiB
node1,6.00%,571.2MiB / 5.255GiB
node2,108.17%,2.314GiB / 5.255GiB
node1,6.30%,560.9MiB / 5.255GiB
node2,110.31%,2.327GiB / 5.255GiB
node1,2.76%,556.4MiB / 5.255GiB
node2,107.89%,2.309GiB / 5.255GiB
node1,3.81%,555.6MiB / 5.255GiB
node2,111.95%,2.311GiB / 5.255GiB
node1,2.45%,554.7MiB / 5.255GiB
node2,104.92%,2.314GiB / 5.255GiB
node1,4.96%,552.5MiB / 5.255GiB
node2,118.06%,2.318GiB / 5.255GiB
node1,6.42%,558.9MiB / 5.255GiB
node2,111.17%,2.322GiB / 5.255GiB
node1,5.96%,568.4MiB / 5.255GiB
node2,112.24%,2.327GiB / 5.255GiB
node1,6.39%,549.7MiB / 5.255GiB
node2,112.12%,2.331GiB / 5.255GiB
node1,5.64%,563.8MiB / 5.255GiB
node2,110.25%,2.31GiB / 5.255GiB
node1,5.72%,568.7MiB / 5.255GiB
node2,106.73%,2.314GiB / 5.255GiB
node1,5.44%,550.4MiB / 5.255GiB
node2,112.34%,2.315GiB / 5.255GiB
node1,5.35%,565.7MiB / 5.255GiB
node2,107.41%,2.349GiB / 5.255GiB
node1,3.53%,550.3MiB / 5.255GiB
node2,107.73%,2.333GiB / 5.255GiB
node1,5.94%,559.2MiB / 5.255GiB
node2,112.28%,2.334GiB / 5.255GiB
node1,3.19%,549.8MiB / 5.255GiB
node2,109.49%,2.328GiB / 5.255GiB
node1,6.26%,546.3MiB / 5.255GiB
node2,205.46%,2.382GiB / 5.255GiB
node1,9.63%,568.7MiB / 5.255GiB
node2,124.13%,2.341GiB / 5.255GiB
node1,5.69%,543.7MiB / 5.255GiB
node2,105.96%,2.341GiB / 5.255GiB
node1,3.55%,543.7MiB / 5.255GiB
node2,106.25%,2.347GiB / 5.255GiB
node1,4.33%,541.8MiB / 5.255GiB
node2,111.75%,2.352GiB / 5.255GiB
node1,2.58%,553MiB / 5.255GiB
node2,109.20%,2.355GiB / 5.255GiB
node1,3.01%,542.5MiB / 5.255GiB
node2,113.01%,2.359GiB / 5.255GiB
node1,2.76%,554.5MiB / 5.255GiB
node2,105.61%,2.367GiB / 5.255GiB
node1,2.77%,540.1MiB / 5.255GiB
node2,107.08%,2.375GiB / 5.255GiB
node1,3.82%,544MiB / 5.255GiB
node2,110.10%,2.395GiB / 5.255GiB
node1,3.31%,537.4MiB / 5.255GiB
node2,110.52%,2.395GiB / 5.255GiB
node1,5.14%,538.1MiB / 5.255GiB
node2,112.00%,2.398GiB / 5.255GiB
node1,7.10%,532.2MiB / 5.255GiB
node2,112.26%,2.402GiB / 5.255GiB
node1,7.45%,537.1MiB / 5.255GiB
node2,116.51%,2.414GiB / 5.255GiB
node1,3.36%,532.7MiB / 5.255GiB
node2,119.02%,2.439GiB / 5.255GiB
node1,5.13%,531.6MiB / 5.255GiB
node2,112.63%,2.43GiB / 5.255GiB
node1,6.48%,536.1MiB / 5.255GiB
node2,116.62%,2.438GiB / 5.255GiB
node1,7.33%,529.1MiB / 5.255GiB
node2,117.59%,2.439GiB / 5.255GiB
node1,6.29%,541.2MiB / 5.255GiB
node2,113.10%,2.452GiB / 5.255GiB
node1,8.57%,529.1MiB / 5.255GiB
node2,117.33%,2.413GiB / 5.255GiB
node1,5.15%,527.6MiB / 5.255GiB
node2,107.81%,2.412GiB / 5.255GiB
node1,5.07%,528.9MiB / 5.255GiB
node2,107.69%,2.415GiB / 5.255GiB
node1,5.87%,526.8MiB / 5.255GiB
node2,117.63%,2.429GiB / 5.255GiB
node1,4.87%,529.3MiB / 5.255GiB
node2,109.78%,2.418GiB / 5.255GiB
node1,4.57%,527.2MiB / 5.255GiB
node2,115.00%,2.429GiB / 5.255GiB
node1,5.13%,526.4MiB / 5.255GiB
node2,111.38%,2.437GiB / 5.255GiB
node1,5.83%,556.3MiB / 5.255GiB
node2,110.24%,2.424GiB / 5.255GiB
node1,6.83%,526.8MiB / 5.255GiB
node2,114.59%,2.436GiB / 5.255GiB
node1,4.36%,524.7MiB / 5.255GiB
node2,108.59%,2.434GiB / 5.255GiB
node1,7.94%,528.2MiB / 5.255GiB
node2,113.66%,2.439GiB / 5.255GiB
node1,5.06%,522.4MiB / 5.255GiB
node2,111.31%,2.487GiB / 5.255GiB
node1,6.42%,525.2MiB / 5.255GiB
node2,108.44%,2.466GiB / 5.255GiB
node1,5.32%,524.1MiB / 5.255GiB
node2,119.31%,2.454GiB / 5.255GiB
node1,4.01%,529MiB / 5.255GiB
node2,115.96%,2.482GiB / 5.255GiB
node1,6.30%,517.2MiB / 5.255GiB
node2,109.42%,2.473GiB / 5.255GiB
node1,6.59%,519.3MiB / 5.255GiB
node2,112.86%,2.484GiB / 5.255GiB
node1,3.51%,538.6MiB / 5.255GiB
node2,104.73%,2.504GiB / 5.255GiB
node1,9.22%,513.9MiB / 5.255GiB
node2,115.71%,2.463GiB / 5.255GiB
node1,4.86%,533.7MiB / 5.255GiB
node2,106.81%,2.481GiB / 5.255GiB
node1,5.01%,516.1MiB / 5.255GiB
node2,108.45%,2.462GiB / 5.255GiB
node1,5.69%,551.5MiB / 5.255GiB
node2,108.17%,2.464GiB / 5.255GiB
node1,4.62%,524.2MiB / 5.255GiB
node2,109.22%,2.472GiB / 5.255GiB
node1,3.98%,517.6MiB / 5.255GiB
node2,106.39%,2.468GiB / 5.255GiB
node1,6.56%,513.7MiB / 5.255GiB
node2,108.46%,2.473GiB / 5.255GiB
node1,7.12%,514.8MiB / 5.255GiB
node2,115.12%,2.476GiB / 5.255GiB
node1,6.90%,512.6MiB / 5.255GiB
node2,169.91%,2.472GiB / 5.255GiB
node1,9.56%,518.2MiB / 5.255GiB
node2,172.31%,2.486GiB / 5.255GiB
node1,7.26%,513.4MiB / 5.255GiB
node2,116.02%,2.487GiB / 5.255GiB
node1,7.21%,511.3MiB / 5.255GiB
node2,118.50%,2.488GiB / 5.255GiB
node1,4.74%,510.8MiB / 5.255GiB
node2,111.54%,2.488GiB / 5.255GiB
node1,8.06%,511.4MiB / 5.255GiB
node2,115.45%,2.498GiB / 5.255GiB
node1,4.87%,510.5MiB / 5.255GiB
node2,109.39%,2.499GiB / 5.255GiB
node1,10.56%,517.6MiB / 5.255GiB
node2,121.30%,2.505GiB / 5.255GiB
node1,6.35%,511.5MiB / 5.255GiB
node2,117.36%,2.517GiB / 5.255GiB
node1,11.81%,510.8MiB / 5.255GiB
node2,117.87%,2.546GiB / 5.255GiB
node1,10.69%,524.7MiB / 5.255GiB
node2,119.55%,2.533GiB / 5.255GiB
node1,13.39%,510MiB / 5.255GiB
node2,121.54%,2.539GiB / 5.255GiB
node1,15.86%,521.5MiB / 5.255GiB
node2,119.81%,2.546GiB / 5.255GiB
node1,19.06%,509.2MiB / 5.255GiB
node2,123.98%,2.569GiB / 5.255GiB
node1,18.20%,513.4MiB / 5.255GiB
node2,124.75%,2.56GiB / 5.255GiB
node1,10.14%,517MiB / 5.255GiB
node2,129.81%,2.563GiB / 5.255GiB
node1,17.86%,515.7MiB / 5.255GiB
node2,127.31%,2.565GiB / 5.255GiB
node1,26.36%,512.3MiB / 5.255GiB
node2,121.56%,2.592GiB / 5.255GiB
node1,18.66%,521.1MiB / 5.255GiB
node2,122.65%,2.587GiB / 5.255GiB
node1,58.62%,508.6MiB / 5.255GiB
node2,85.27%,2.588GiB / 5.255GiB
node1,42.40%,506.6MiB / 5.255GiB
node2,124.57%,1.797GiB / 5.255GiB
node1,2.51%,497.8MiB / 5.255GiB
node2,107.08%,1.812GiB / 5.255GiB
node1,2.45%,502.4MiB / 5.255GiB
node2,108.19%,1.812GiB / 5.255GiB
node1,2.24%,502.5MiB / 5.255GiB
node2,110.29%,1.814GiB / 5.255GiB
node1,2.58%,503.2MiB / 5.255GiB
node2,105.52%,1.815GiB / 5.255GiB
node1,3.47%,503.3MiB / 5.255GiB
node2,106.11%,1.817GiB / 5.255GiB
node1,2.62%,503MiB / 5.255GiB
node2,107.93%,1.822GiB / 5.255GiB
node1,2.41%,503.5MiB / 5.255GiB
node2,105.88%,1.827GiB / 5.255GiB
node1,2.41%,503.3MiB / 5.255GiB
node2,107.04%,1.833GiB / 5.255GiB
node1,2.32%,503.1MiB / 5.255GiB
node2,107.81%,1.837GiB / 5.255GiB
node1,2.94%,503.1MiB / 5.255GiB
node2,107.85%,1.844GiB / 5.255GiB
node1,2.97%,504MiB / 5.255GiB
node2,107.08%,1.85GiB / 5.255GiB
node1,4.20%,503.6MiB / 5.255GiB
node2,109.86%,1.855GiB / 5.255GiB
node1,3.15%,503.7MiB / 5.255GiB
node2,109.62%,1.859GiB / 5.255GiB
node1,2.33%,503.6MiB / 5.255GiB
node2,107.55%,1.865GiB / 5.255GiB
node1,2.52%,504.1MiB / 5.255GiB
node2,108.02%,1.87GiB / 5.255GiB
node1,2.33%,503.6MiB / 5.255GiB
node2,108.27%,1.876GiB / 5.255GiB
node1,2.84%,504.1MiB / 5.255GiB
node2,107.69%,1.883GiB / 5.255GiB
node1,2.34%,504.1MiB / 5.255GiB
node2,107.84%,1.868GiB / 5.255GiB
node1,2.42%,504MiB / 5.255GiB
node2,107.31%,1.868GiB / 5.255GiB
node1,2.23%,504.1MiB / 5.255GiB
node2,109.46%,1.869GiB / 5.255GiB
node1,2.30%,504.5MiB / 5.255GiB
node2,107.64%,1.87GiB / 5.255GiB
node1,2.41%,504.5MiB / 5.255GiB
node2,106.00%,1.871GiB / 5.255GiB
node1,2.93%,504.4MiB / 5.255GiB
node2,106.26%,1.877GiB / 5.255GiB
node1,3.05%,503.7MiB / 5.255GiB
node2,114.83%,1.936GiB / 5.255GiB
node1,4.17%,513.9MiB / 5.255GiB
node2,200.60%,1.999GiB / 5.255GiB
node1,6.86%,506.9MiB / 5.255GiB
node2,122.22%,2.362GiB / 5.255GiB
node1,2.42%,503.6MiB / 5.255GiB
node2,112.47%,2.367GiB / 5.255GiB
node1,3.12%,503.8MiB / 5.255GiB
node2,112.63%,2.374GiB / 5.255GiB
node1,2.43%,511MiB / 5.255GiB
node2,108.59%,2.368GiB / 5.255GiB
node1,2.27%,497.6MiB / 5.255GiB
node2,109.99%,2.393GiB / 5.255GiB
node1,3.32%,505.3MiB / 5.255GiB
node2,105.04%,2.404GiB / 5.255GiB
node1,2.50%,501.8MiB / 5.255GiB
node2,106.37%,2.41GiB / 5.255GiB
node1,4.48%,524MiB / 5.255GiB
node2,106.36%,2.397GiB / 5.255GiB
node1,3.38%,531.5MiB / 5.255GiB
node2,109.79%,2.418GiB / 5.255GiB
node1,3.70%,509.5MiB / 5.255GiB
node2,107.20%,2.421GiB / 5.255GiB
node1,2.36%,493.3MiB / 5.255GiB
node2,106.43%,2.43GiB / 5.255GiB
node1,3.46%,504MiB / 5.255GiB
node2,107.85%,2.439GiB / 5.255GiB
node1,2.63%,525.3MiB / 5.255GiB
node2,108.61%,2.457GiB / 5.255GiB
node1,5.30%,506.7MiB / 5.255GiB
node2,108.28%,2.454GiB / 5.255GiB
node1,2.32%,492.2MiB / 5.255GiB
node2,112.09%,2.468GiB / 5.255GiB
node1,2.48%,492.5MiB / 5.255GiB
node2,113.11%,2.492GiB / 5.255GiB
node1,4.80%,490MiB / 5.255GiB
node2,111.22%,2.443GiB / 5.255GiB
node1,5.43%,526.2MiB / 5.255GiB
node2,112.18%,2.437GiB / 5.255GiB
node1,5.95%,490.8MiB / 5.255GiB
node2,109.69%,2.451GiB / 5.255GiB
node1,2.81%,492.6MiB / 5.255GiB
node2,108.71%,2.445GiB / 5.255GiB
node1,3.71%,500MiB / 5.255GiB
node2,108.52%,2.449GiB / 5.255GiB
node1,2.99%,498.3MiB / 5.255GiB
node2,108.62%,2.447GiB / 5.255GiB
node1,2.51%,490.6MiB / 5.255GiB
node2,109.18%,2.461GiB / 5.255GiB
node1,5.32%,531.4MiB / 5.255GiB
node2,107.80%,2.445GiB / 5.255GiB
node1,2.79%,498.9MiB / 5.255GiB
node2,109.96%,2.461GiB / 5.255GiB
node1,2.37%,492.7MiB / 5.255GiB
node2,111.68%,2.48GiB / 5.255GiB
node1,4.14%,498.9MiB / 5.255GiB
node2,108.21%,2.467GiB / 5.255GiB
node1,2.65%,489.8MiB / 5.255GiB
node2,112.80%,2.506GiB / 5.255GiB
node1,2.45%,487.8MiB / 5.255GiB
node2,110.13%,2.486GiB / 5.255GiB
node1,4.06%,501.6MiB / 5.255GiB
node2,113.20%,2.491GiB / 5.255GiB
node1,3.07%,496.2MiB / 5.255GiB
node2,107.64%,2.484GiB / 5.255GiB
node1,2.98%,480.3MiB / 5.255GiB
node2,112.35%,2.487GiB / 5.255GiB
node1,2.73%,479.6MiB / 5.255GiB
node2,108.93%,2.495GiB / 5.255GiB
node1,3.32%,483.4MiB / 5.255GiB
node2,109.78%,2.505GiB / 5.255GiB
node1,4.88%,498.8MiB / 5.255GiB
node2,108.09%,2.495GiB / 5.255GiB
node1,4.17%,491.4MiB / 5.255GiB
node2,106.41%,2.511GiB / 5.255GiB
node1,3.71%,500.9MiB / 5.255GiB
node2,110.45%,2.491GiB / 5.255GiB
node1,5.45%,487.6MiB / 5.255GiB
node2,111.87%,2.495GiB / 5.255GiB
node1,4.27%,505.2MiB / 5.255GiB
node2,107.04%,2.495GiB / 5.255GiB
node1,3.40%,489.4MiB / 5.255GiB
node2,108.42%,2.497GiB / 5.255GiB
node1,4.19%,507.8MiB / 5.255GiB
node2,110.62%,2.504GiB / 5.255GiB
node1,4.64%,485.2MiB / 5.255GiB
node2,106.94%,2.509GiB / 5.255GiB
node1,7.58%,498MiB / 5.255GiB
node2,121.34%,2.625GiB / 5.255GiB
node1,34.58%,605.3MiB / 5.255GiB
node2,24.54%,1.595GiB / 5.255GiB
node1,43.51%,705.8MiB / 5.255GiB
node2,171.45%,1.89GiB / 5.255GiB
node1,102.45%,861.4MiB / 5.255GiB
node2,61.66%,1.771GiB / 5.255GiB
node1,56.74%,835.4MiB / 5.255GiB
node2,77.12%,1.355GiB / 5.255GiB
node1,2.18%,330.5MiB / 5.255GiB
node2,21.21%,1003MiB / 5.255GiB
node1,1.31%,316.9MiB / 5.255GiB
node2,2.11%,1004MiB / 5.255GiB
node1,1.06%,317.2MiB / 5.255GiB
node2,4.47%,990MiB / 5.255GiB
node1,1.17%,317.7MiB / 5.255GiB
node2,1.80%,990.7MiB / 5.255GiB
node1,2.15%,317MiB / 5.255GiB
node2,2.28%,990.2MiB / 5.255GiB
node1,0.89%,317.2MiB / 5.255GiB
node2,2.24%,990.2MiB / 5.255GiB
node1,1.13%,317MiB / 5.255GiB
node2,1.51%,990.3MiB / 5.255GiB
node1,1.80%,317.1MiB / 5.255GiB
node2,2.39%,990.3MiB / 5.255GiB
node1,1.15%,316.9MiB / 5.255GiB
node2,1.27%,990.6MiB / 5.255GiB
node1,1.07%,317.4MiB / 5.255GiB
node2,1.28%,990.4MiB / 5.255GiB
node1,0.77%,317.2MiB / 5.255GiB
node2,1.05%,990.2MiB / 5.255GiB
node1,1.51%,317.4MiB / 5.255GiB
node2,0.97%,990.5MiB / 5.255GiB
node1,0.83%,317.3MiB / 5.255GiB
node2,2.14%,990.1MiB / 5.255GiB
node1,1.17%,317.1MiB / 5.255GiB
node2,1.39%,990.2MiB / 5.255GiB
node1,1.80%,317.2MiB / 5.255GiB
node2,1.49%,990.2MiB / 5.255GiB
node1,0.96%,317.5MiB / 5.255GiB
node2,3.21%,990.7MiB / 5.255GiB
node1,1.75%,317.4MiB / 5.255GiB
node2,1.02%,990.6MiB / 5.255GiB
node1,0.97%,317.2MiB / 5.255GiB
node2,1.68%,990.6MiB / 5.255GiB
node1,1.31%,317.3MiB / 5.255GiB
node2,1.60%,991.1MiB / 5.255GiB
node1,0.81%,316.7MiB / 5.255GiB
node2,1.50%,983.3MiB / 5.255GiB
node1,0.86%,317.2MiB / 5.255GiB
node2,1.44%,983.5MiB / 5.255GiB
node1,1.32%,317.1MiB / 5.255GiB
node2,1.09%,983.1MiB / 5.255GiB
node1,0.67%,317.6MiB / 5.255GiB
node2,2.15%,983.6MiB / 5.255GiB
node1,1.18%,317.4MiB / 5.255GiB
node2,1.08%,983.2MiB / 5.255GiB
node1,1.41%,317.6MiB / 5.255GiB
node2,0.97%,983MiB / 5.255GiB
node1,0.92%,317.1MiB / 5.255GiB
node2,1.12%,983.3MiB / 5.255GiB
node1,0.93%,317MiB / 5.255GiB
node2,0.94%,983.4MiB / 5.255GiB
node1,0.74%,317.6MiB / 5.255GiB
node2,1.29%,983.6MiB / 5.255GiB
node1,0.84%,317.6MiB / 5.255GiB
node2,0.95%,983.4MiB / 5.255GiB
node1,0.79%,317.7MiB / 5.255GiB
node2,2.12%,983.6MiB / 5.255GiB
node1,0.85%,317.8MiB / 5.255GiB
node2,0.93%,983.7MiB / 5.255GiB
node1,2.03%,317.6MiB / 5.255GiB
node2,2.06%,983.7MiB / 5.255GiB
node1,0.93%,317.9MiB / 5.255GiB
node2,1.00%,983.9MiB / 5.255GiB
node1,0.78%,318.1MiB / 5.255GiB
node2,1.03%,983.8MiB / 5.255GiB
node1,2.18%,317.9MiB / 5.255GiB
node2,1.82%,982.8MiB / 5.255GiB
node1,1.17%,317.6MiB / 5.255GiB
node2,1.20%,983.6MiB / 5.255GiB
node1,1.84%,314.8MiB / 5.255GiB
node2,1.22%,983.6MiB / 5.255GiB
node1,1.09%,314.7MiB / 5.255GiB
node2,1.27%,983.6MiB / 5.255GiB
node1,1.24%,314.8MiB / 5.255GiB
node2,1.35%,983.9MiB / 5.255GiB
node1,1.18%,315MiB / 5.255GiB
node2,2.04%,983MiB / 5.255GiB
node1,1.13%,314.8MiB / 5.255GiB
node2,1.46%,983.6MiB / 5.255GiB
node1,2.74%,314.8MiB / 5.255GiB
node2,1.34%,983.8MiB / 5.255GiB
node1,0.98%,315.1MiB / 5.255GiB
node2,2.16%,983.2MiB / 5.255GiB
node1,1.10%,315.2MiB / 5.255GiB
node2,1.40%,983.6MiB / 5.255GiB
node1,1.31%,314.9MiB / 5.255GiB
node2,1.28%,983.9MiB / 5.255GiB
node1,2.28%,315.1MiB / 5.255GiB
node2,1.68%,983.9MiB / 5.255GiB
node1,1.18%,314.8MiB / 5.255GiB
node2,1.64%,983.7MiB / 5.255GiB
node1,0.97%,315.2MiB / 5.255GiB
node2,1.08%,983.8MiB / 5.255GiB
node1,1.20%,315.3MiB / 5.255GiB
node2,0.95%,984MiB / 5.255GiB
node1,0.74%,315.1MiB / 5.255GiB
node2,1.46%,983.9MiB / 5.255GiB
node1,1.55%,314.8MiB / 5.255GiB
node2,1.56%,983.7MiB / 5.255GiB
node1,1.02%,315.3MiB / 5.255GiB
node2,0.82%,983.5MiB / 5.255GiB
node1,0.95%,315MiB / 5.255GiB
node2,1.51%,984.1MiB / 5.255GiB
node1,1.38%,315.5MiB / 5.255GiB
node2,1.25%,984MiB / 5.255GiB
node1,1.26%,314.9MiB / 5.255GiB
node2,1.54%,984.2MiB / 5.255GiB
node1,1.60%,315MiB / 5.255GiB
node2,1.37%,984MiB / 5.255GiB
node1,1.04%,314.9MiB / 5.255GiB
node2,2.42%,983.8MiB / 5.255GiB
node1,1.81%,315.2MiB / 5.255GiB
node2,1.32%,983.9MiB / 5.255GiB
node1,1.02%,315.6MiB / 5.255GiB
node2,1.75%,984.5MiB / 5.255GiB
node1,1.50%,315.6MiB / 5.255GiB
node2,1.31%,984.3MiB / 5.255GiB
node1,1.04%,315.4MiB / 5.255GiB
node2,1.19%,983.9MiB / 5.255GiB
node1,1.06%,315.9MiB / 5.255GiB
node2,1.15%,984.3MiB / 5.255GiB
node1,1.05%,315.6MiB / 5.255GiB
node2,1.27%,984.2MiB / 5.255GiB
node1,0.85%,315.4MiB / 5.255GiB
node2,1.15%,984.2MiB / 5.255GiB
node1,0.95%,316.1MiB / 5.255GiB
node2,1.08%,961.3MiB / 5.255GiB
