node1,0.16%,377.7MiB / 5.255GiB
node2,0.19%,325.1MiB / 5.255GiB
node1,0.11%,377.7MiB / 5.255GiB
node2,0.16%,325.1MiB / 5.255GiB
node1,0.34%,378.2MiB / 5.255GiB
node2,1.25%,325.5MiB / 5.255GiB
node1,0.31%,377.9MiB / 5.255GiB
node2,0.21%,325.5MiB / 5.255GiB
node1,0.09%,377.7MiB / 5.255GiB
node2,0.12%,325.1MiB / 5.255GiB
node1,185.51%,517.9MiB / 5.255GiB
node2,191.17%,460.6MiB / 5.255GiB
node1,59.01%,606.8MiB / 5.255GiB
node2,47.92%,552.2MiB / 5.255GiB
node1,184.73%,824.9MiB / 5.255GiB
node2,67.41%,592.4MiB / 5.255GiB
node1,210.16%,859.3MiB / 5.255GiB
node2,207.73%,1.094GiB / 5.255GiB
node1,199.77%,1.439GiB / 5.255GiB
node2,192.30%,1.461GiB / 5.255GiB
node1,172.94%,1.508GiB / 5.255GiB
node2,153.02%,1.516GiB / 5.255GiB
node1,200.08%,1.529GiB / 5.255GiB
node2,161.03%,1.779GiB / 5.255GiB
node1,0.31%,1.647GiB / 5.255GiB
node2,202.12%,1.755GiB / 5.255GiB
node1,125.87%,1.621GiB / 5.255GiB
node2,121.65%,1.715GiB / 5.255GiB
node1,207.06%,1.651GiB / 5.255GiB
node2,201.16%,1.734GiB / 5.255GiB
node1,200.78%,1.695GiB / 5.255GiB
node2,198.54%,1.713GiB / 5.255GiB
node1,171.20%,1.641GiB / 5.255GiB
node2,188.09%,1.831GiB / 5.255GiB
node1,199.10%,1.689GiB / 5.255GiB
node2,163.37%,1.991GiB / 5.255GiB
node1,212.17%,1.68GiB / 5.255GiB
node2,167.86%,1.992GiB / 5.255GiB
node1,1.12%,1.656GiB / 5.255GiB
node2,122.92%,1.91GiB / 5.255GiB
node1,58.29%,1.653GiB / 5.255GiB
node2,107.95%,1.831GiB / 5.255GiB
node1,27.72%,1.526GiB / 5.255GiB
node2,51.31%,1.787GiB / 5.255GiB
node1,104.41%,1.015GiB / 5.255GiB
node2,171.69%,1.781GiB / 5.255GiB
node1,141.78%,1.122GiB / 5.255GiB
node2,100.45%,1.948GiB / 5.255GiB
node1,194.73%,1.635GiB / 5.255GiB
node2,125.26%,1.881GiB / 5.255GiB
node1,0.09%,141.9MiB / 5.255GiB
node2,0.23%,116.8MiB / 5.255GiB
node1,0.41%,142.4MiB / 5.255GiB
node2,0.28%,116.5MiB / 5.255GiB
node1,0.23%,141.9MiB / 5.255GiB
node2,0.27%,116.5MiB / 5.255GiB
node1,0.29%,142.4MiB / 5.255GiB
node2,2.96%,118.4MiB / 5.255GiB
node1,0.25%,142.7MiB / 5.255GiB
node2,0.22%,118.3MiB / 5.255GiB
node1,0.26%,142MiB / 5.255GiB
node2,0.26%,118.3MiB / 5.255GiB
node1,0.30%,142MiB / 5.255GiB
node2,0.29%,118.3MiB / 5.255GiB
node1,0.33%,142.2MiB / 5.255GiB
node2,0.25%,118.3MiB / 5.255GiB
node1,1.56%,143.5MiB / 5.255GiB
node2,1.17%,119.1MiB / 5.255GiB
node1,0.17%,143.2MiB / 5.255GiB
node2,0.30%,119.1MiB / 5.255GiB
node1,0.15%,143.1MiB / 5.255GiB
node2,0.27%,119MiB / 5.255GiB
node1,0.28%,144.4MiB / 5.255GiB
node2,0.24%,119.7MiB / 5.255GiB
node1,0.32%,144.3MiB / 5.255GiB
node2,0.17%,119.6MiB / 5.255GiB
node1,1.51%,145.5MiB / 5.255GiB
node2,0.43%,119.8MiB / 5.255GiB
node1,0.24%,144.9MiB / 5.255GiB
node2,0.25%,120.1MiB / 5.255GiB
node1,0.29%,144.9MiB / 5.255GiB
node2,0.30%,119.4MiB / 5.255GiB
node1,0.28%,144.7MiB / 5.255GiB
node2,0.24%,119.4MiB / 5.255GiB
node1,0.26%,144.9MiB / 5.255GiB
node2,0.19%,119.7MiB / 5.255GiB
node1,0.12%,145MiB / 5.255GiB
node2,0.12%,119.7MiB / 5.255GiB
node1,0.20%,145.5MiB / 5.255GiB
node2,0.22%,120MiB / 5.255GiB
node1,0.18%,144.8MiB / 5.255GiB
node2,0.22%,119.8MiB / 5.255GiB
